{
  "taskCount": 1,
  "iterations": 12,
  "taskPattern": "noop:0",
  "platform": "darwin-arm64",
  "npmRunAll": 200.86085066666666,
  "runAllNow": 150.45159016666665,
  "savedMs": 50.409260500000016,
  "fasterPercent": 25.0966080909691,
  "commands": {
    "npmRunAll": {
      "label": "npm-run-all",
      "command": "/var/folders/8s/6f8n55y91pqbbt1vs0t_6j540000gn/T/run-all-now-bench-pHQYGa/node_modules/.bin/run-s --silent noop:0",
      "average": 200.86085066666666,
      "best": 192.65575,
      "worst": 224.791208,
      "timings": [
        198.243583,
        196.55625,
        192.65575,
        198.586917,
        195.14425,
        195.591833,
        197.532875,
        195.552375,
        201.450125,
        203.235833,
        224.791208,
        210.989209
      ]
    },
    "runAllNow": {
      "label": "run-all-now (JS → Rust)",
      "command": "/Users/caioborghi/.local/share/mise/installs/node/24.15.0/bin/node /Users/caioborghi/personal/run-all-now/bin/run-s.js --silent noop:0",
      "average": 150.45159016666665,
      "best": 144.519291,
      "worst": 153.510167,
      "timings": [
        148.161792,
        151.66675,
        152.002792,
        149.971666,
        150.600125,
        150.490333,
        151.170166,
        152.178,
        144.519291,
        148.94425,
        153.510167,
        152.20375
      ]
    }
  },
  "comparisons": {
    "runAllNowVsNpmRunAll": {
      "savedMs": 50.409260500000016,
      "fasterPercent": 25.0966080909691,
      "speedup": 1.3350530256553477
    }
  }
}
